,source,source_link,result,consistency,coherence,fluency,human_likeness,friendliness,readability
0,"“파업소식에 1시간 일찍 출근”…기차 취소돼 급히 버스 예매도
중앙일보
수정 2023-09-15 00:43:28

철도노조 서울지방본부 총파업 출정식이 14일 오후 서울역 3번 출구 인근에서 열리고 있다. 이들은 공공철도 확대와 4조 2교대 전면 확대, KTX 수서역 운행 등을 요구하고 있다. 코레일은 파업에 따라 KTX와 새마을호, 무궁화호 등 여객열차와 화물열차를 20~60% 감축 운행에 들어갔다. [연합뉴스***REMOVED***

전국철도노동조합(이하 철도노조***REMOVED***이 14일 오전 9시부터 총파업에 들어갔다. 코레일은 파업 여파로 열차를 감축 운행했다. KTX 운행률은 평소의 76.4%였다. 중소도시를 연결하는 일반 여객열차(새마을호·무궁화호***REMOVED*** 운행률은 평소의 68.1%로 떨어져, 이를 주로 이용하는 승객이 불편을 겪었다. 화물열차 운행률도 평소의 26.3%로 떨어졌다. 코레일은 수출입 화물과 산업 필수품 등 긴급 화물 위주로 화물열차를 투입했다.

오는 18일까지로 예정된 철도노조 파업은 2019년 11월 이후 4년 만이다. 철도노조는 ▶공공철도 확대 ▶4조 2교대 전면 확대 ▶KTX 수서역 운행 등을 요구하고 있다. 코레일은 KTX 수서역 운행 등은 정부 정책 사항으로 노사 교섭의 대상이 아니라는 입장이다.

관련기사
[사진***REMOVED*** 철도파업 … 출근길 전철 간격 늘어나고 화물열차 운행률 26%
급작스러운 열차 운행 취소로 승객 불편이 불가피했다. 대전시 유성구에 사는 대학생 정모(21***REMOVED***씨는 “16일 서울에서 열리는 행사에 참석하기 위해 예매한 기차표가 취소돼 급히 버스를 예매했다”고 말했다. 부산역의 경우 KTX는 106회에서 74회로, 새마을호는 20회에서 16회, 무궁화호는 36회에서 25회로 운행이 줄었다. 사업차 매주 수도권을 찾는 우모(53***REMOVED***씨는 “앱으로 확인해 보니 파업 기간 부산에서 서울을 오가는 기차편 상당수가 운행 중지됐거나 매진됐다”며 “다른 이동수단을 찾는 중”이라고 말했다.

이날 인천 부평역에서 시민들이 열차를 기다리는 모습. [뉴스1***REMOVED***

파업 시작과 함께 수도권 전철 운행률도 평소의 83%로 떨어졌다. 파업 첫날 출근길 불편은 우려한 만큼 크지 않았지만 일부 열차의 지연 등으로 혼란이 빚어졌다. 지하철 1·2호선 환승역인 시청역에서 출근 시간에 1호선 열차가 지연됐다. 연착한 열차의 승객이 내리자마자 뛰어가는 모습도 눈에 띄었다. 직장인 유모(37***REMOVED***씨는 “유연근무제를 활용해 오전 10시 출근인데, 파업 소식에 한 시간 일찍 나왔다”고 말했다. 파업 사실을 모른 채 나왔다가 어리둥절해하기도 했다. 서울 은평구에서 종로구로 출근하는 김모(41***REMOVED***씨는 “평소 4~5분이던 1호선 배차 간격이 10분이 넘어 의아했다가 파업을 한다는 전광판 공지를 보고서야 알았다”고 말했다.

파업이 이어질 18일까지 다른 교통수단을 알아보는 경우도 있었다. 직장이 시청 근처인 이유진(30***REMOVED***씨는 “퇴근길 상황을 보고 내일(15일***REMOVED***은 버스를 이용할지 고민하겠다”고 말했다. 수도권 지방자치단체들은 별도 수송 대책을 마련했다. 경기도는 11개 노선에 예비차 98대를 증차하고, 필요할 경우 전세버스도 투입할 계획이다. 또 출근 시간에 광역버스 59대(80회 증회***REMOVED***, 시내버스 18대(130회 증회***REMOVED***를 추가 배치한다. 인천시는 15·18일 출근 시간대에 지하철 7호선 상·하선 운행을 2회씩 증회하고, 경인선 주안·동암·부평역과 수인선 주요 환승역, 이용객이 많은 일부 역에 전세버스를 투입하기로 했다.

화물열차 운행은 크게 줄었다. 부산신항역과 경기도 의왕 오봉역을 오가는 화물열차는 평소 13회에서 이날 5회로 급감했다. 부산신항역 하루 운송량은 평균 1000TEU(1TEU는 20피트 컨테이너 1개***REMOVED***가 넘는데, 이날은 절반에도 미치지 못했다. 강원·충북 지역에 밀집한 시멘트업체는 납품 차질을 우려하고 있다. 산업통상자원부는 파업이 수출에 미칠 영향을 최소화할 수 있도록 모니터링을 강화하고, 비상 수송 대책을 추진하기로 했다.",https://www.joongang.co.kr/article/25192582#home,"**제목: ""출근길 혼란 스페셜: 2023년 국철 파업 완전 분석!""**

**시작하는 말**  
안녕하세요, 여러분의 출퇴근 메신저 지하철 온다의 '오.지.통 [오늘의 지하철 소식통***REMOVED***' 인사 드립니다!

**파업 일시:** 2023년 9월 14일부터 9월 18일까지  
**파업 노선:** KTX, 새마을호, 무궁화호  
**파업 이유:** 공공철도 서비스 확장과 4조 2교대 시스템 도입 요구  
**문의 사항 링크:** [국철 고객센터***REMOVED***(https://www.korail.com***REMOVED***

**블로그 본문**  
국내 최대 교통수단 중 하나인 철도가 큰 혼란에 빠졌습니다. 바로 국철 노조가 시작한 파업 때문인데요, 이번 파업은 2023년 9월 14일부터 18일까지 이어지며, 주요 노선인 KTX, 새마을호, 그리고 무궁화호 운행에 큰 영향을 주고 있습니다.

노조는 공공철도 서비스의 확장과 더 나은 작업 환경을 위한 4조 2교대 시스템의 도입을 요구하고 있습니다. 이러한 요구는 철도 근로자들의 일과 삶의 균형을 개선하고, 더 안정적인 일자리를 제공하기 위함인데요, 이 요구가 받아들여지지 않아 파업으로 이어진 것입니다.

파업 기간 동안 KTX는 정상 운행 계획의 76.4% 수준으로 운행되고, 새마을호와 무궁화호는 각각 68.1% 수준으로 감소했습니다. 화물 열차 운행률은 더욱 낮은 26.3%에 그치고 있어, 물류에도 큰 차질이 빚어지고 있습니다.

경기도와 인천시 등 지방자치단체에서는 추가 버스 투입 등 대체 교통수단을 확보해 불편을 최소화하기 위해 노력 중입니다. 그럼에도 불구하고 많은 시민들이 평소보다 많은 시간을 들여 출퇴근해야 하는 상황에 처해 있습니다.

이번 파업으로 인해 우리 사회에 철도 노동자들의 근무 환경과 공공 교통의 중요성에 대한 새로운 인식이 필요하다는 목소리가 높아지고 있습니다. 노조와 정부 간의 협상이 어떻게 진행될지, 그리고 이로 인한 교통 현황은 어떻게 변할지 꾸준히 업데이트 해 드리겠습니다.

**마무리 말**  
오지통이 실시간으로 다양한 지하철 정보를 업데이트 할 예정이니, 자주 방문해 주세요. '지하철 온다'는 단 한 번의 터치로 자신의 위치에서 가장 가까운 지하철 역의 실시간 정보를 제공합니다. 지하철 파업으로 아침마다 출근하기 힘드네요, 모두 힘내세요!

🔽 [지하철 온다 소개 보러가기***REMOVED***(https://blog.naver.com/subway__onda/223258646349***REMOVED***",Consistency: 5,- Coherence: 5,"Fluency:
5","The provided text exhibits a good level of natural language use, with a structured presentation of information that flows well from introduction to conclusion. The text uses appropriate vocabulary for the context of a transportation strike and balances factual reporting with user engagement strategies. It also maintains a consistent tone suitable for a blog, which aims to inform and assist its readers in navigating the challenges posed by the strike. Given these aspects, the text appears mostly human-like, with very few mechanical traits. 

Therefore, I would rate the Human-likeness of this text as **4 stars**.","Friendliness:
4",4
1,"
“걱정돼서 일찍 나왔다”…지하철 경고 파업 첫날, 퇴근길 혼잡도↑
2023.11.09 19:11 입력 2023.11.10 11:04 수정
임금·단체협약 협상 결렬 여파로 서울교통공사 노조가 이틀간 경고파업에 들어간 첫날인 9일 서울 지하철 5호선 광화문역이 퇴근하는 시민들로 붐비고 있다. 2023.11.09. 권도현 기자
임금·단체협약 협상 결렬 여파로 서울교통공사 노조가 이틀간 경고파업에 들어간 첫날인 9일 서울 지하철 5호선 광화문역이 퇴근하는 시민들로 붐비고 있다. 2023.11.09. 권도현 기자

“교통공사 노조 파업으로 인해 열차 운행 지연될 수 있습니다. 장시간 지연 시 다른 교통수단을 이용해 주시기 바랍니다.”

서울 지하철 1~8호선을 운영하는 서울교통공사 노조의 경고 파업이 시작된 9일, 서울 전역 지하철 역사에서 이같은 안내 방송이 종일 흘러나왔다. 지하철 개찰구와 승강장 곳곳에는 “안전인력 감축, 시민·노동자 안전은 누가 지킵니까” “시민 부담 전가, 노동 안전 파괴, 즉각 중단하라” 등이 적힌 노조 홍보물이 붙었다. 오후 6시쯤 5호선 서대문역에서 만난 원상훈씨(55***REMOVED***는 “지하철 파업 소식을 듣고 회사에서 일찍 출발했다”면서 “걱정돼서 전철역까지 7분 거리를 내내 뛰었다”고 말했다.

서울교통공사의 민주노총 소속 노동조합이 이날부터 이틀간 경고파업에 돌입하면서 첫날 퇴근길에 일부 혼잡이 발생했다. 오전 7~9시 출근 시간대에는 지하철이 정상 운행됐으나 퇴근 시간인 오후 6시 이후에는 배차 간격이 다소 늘거나 평소 수준으로 유지됐다. 일찍 퇴근길에 나선 직장인들이 오후 5시부터 몰리면서 역사 내부가 비교적 이른 시간에 빽빽이 들어찼다. 전철을 피해 버스를 타려는 시민들로 버스 정류장에 긴 대기줄이 이어지기도 했다.

임금·단체협약 협상 결렬 여파로 서울교통공사 노조가 이틀간 경고파업에 들어간 9일 5호선 광화문역에 관련 내용이 적힌 포스터가 붙어 있다. 2023.11.09 성동훈 기자
임금·단체협약 협상 결렬 여파로 서울교통공사 노조가 이틀간 경고파업에 들어간 9일 5호선 광화문역에 관련 내용이 적힌 포스터가 붙어 있다. 2023.11.09 성동훈 기자

이날 오후 5시쯤부터 지하철역은 이른 퇴근길에 나선 이들로 붐볐다. 오후 5시30분쯤 5호선 서대문역에서 만난 김모씨(47***REMOVED***는 “뉴스를 보고 지하철 (노동자들이***REMOVED*** 파업한다는 사실을 알았다”면서 “공덕까지 가야 하는데 10분이 지나도 지하철이 안 왔다”고 말했다. 김씨는 “이미 교통카드를 찍고 개찰구 안으로 들어온 이상 그냥 기다렸다 가려고 한다”고 했다. 2호선 성수역에서 만난 심영훈씨(26***REMOVED***도 “평소와 다른 경로로 퇴근하진 않더라도 (열차 지연에 대비해***REMOVED*** 조금 일찍 집으로 가려 한다”고 했다.

전철 혼잡을 피해 버스 정류장으로 발길을 돌린 이들도 있었다. 오후 6시30분쯤 서대문구 서울역사박물관 인근 버스 정류장에서 만난 김모씨(29***REMOVED***는 “이 시간대 원래 사람이 많긴 한데 오늘은 유독 버스에 사람이 꽉 찬 채로 오는 것 같다”면서 “지하철 파업 때문에 사람들이 여기로 몰린 것 같다”고 했다.

출·퇴근길에 만난 시민들은 파업에 대해 잘 모르는 경우가 많았다. 서대문역에서 왕십리역까지 30분 거리를 퇴근한다는 신진욱씨(38***REMOVED***는 “버스 탈까, 잠시 고민을 하다가 그냥 몸이 이끄는 대로 지하철로 왔다”면서 “파업의 구체적인 배경은 잘 모르는데, 어떤 이유인지 궁금하긴 하다”고 했다.

임금·단체협약 협상 결렬 여파로 서울교통공사 노조가 이틀간 경고파업에 들어간 첫날인 9일 서울 지하철 5호선 광화문역이 퇴근하는 시민들로 붐비고 있다. 2023.11.09. 권도현 기자
임금·단체협약 협상 결렬 여파로 서울교통공사 노조가 이틀간 경고파업에 들어간 첫날인 9일 서울 지하철 5호선 광화문역이 퇴근하는 시민들로 붐비고 있다. 2023.11.09. 권도현 기자

노조의 파업 배경은 공사의 ‘인력 감축’이다. 공사는 2026년까지 2212명의 인력을 줄이겠다는 계획을 최근 노조에 제시했다. 공사 전체 정원의 약 13.5% 수준이다. 공사는 연 1조원 안팎의 대규모 적자를 줄이기 위해 인력 감축이 불가피하다는 입장이다. 반면 노조 측은 무리한 인력 감축이 시민의 안전 문제와 직결될 수 있다며 감축안 철회를 요구하고 있다.

시민들 사이에선 이번 파업을 두고 상반된 반응이 나왔다. 오전 9시쯤 광화문역 승강장에서 열차를 기다리던 이모씨(60***REMOVED***는 “파업을 하는 것은 노동자의 당연한 권리”라면서 “시민들에게 불편이 있다 하더라도 일상에 크게 지장이 가는 것은 아니다”라고 했다. 그는 “인력 감축 때문에 파업한다고 들었는데, 인력을 줄이면 사고 날 위험도 커지지 않겠나”라고 했다. 반면 5호선 마천역에서 광화문역으로 출·퇴근한다는 이용씨(69***REMOVED***는 “조직이 비대해졌으면 규모를 줄이는 것도 필요하다”면서 “파업을 하더라도 공감대가 형성돼야 하는데, 지금은 반대만 하는 정치적 파업으로 보인다”고 했다.",https://www.khan.co.kr/national/national-general/article/202311091911001,"**서울 지하철 파업 대란! 출근길, 어떻게 해결할까?**

안녕하세요, 여러분의 출퇴근 메신저 지하철 온다의 '오.지.통 [오늘의 지하철 소식통***REMOVED***' 인사 드립니다!

**파업 일시**: 2023년 11월 9일부터 시작  
**파업 노선**: 서울 전역의 메트로 라인  
**파업 이유**: 노조의 임금 및 근로 조건 개선 요구 불발  
**문의 사항 링크**: [서울교통공사 고객센터***REMOVED***(https://www.seoulmetro.co.kr/kr/board.do?menuIdx=551***REMOVED***

서울 지하철 파업이 시작된 지 벌써 며칠째. 수많은 출퇴근자들이 큰 불편을 겪고 있습니다. 이번 파업은 서울교통공사와 노조 간의 임금 및 근로 조건 논의가 결렬되면서 시작되었는데요, 약 13.5%에 달하는 인력 감축 계획이 주된 쟁점입니다. 노조는 이러한 대규모 인력 감축이 안전사고의 위험을 증가시킬 것이라며 강력히 반발하고 있습니다.

파업으로 인해 대부분의 지하철 운행이 지연되거나 전면 중단되어, 많은 시민들이 버스나 다른 대체 교통수단으로 몰리고 있습니다. 이는 또 다른 문제를 야기하는데, 바로 버스와 택시의 혼잡이 심해지고, 이동 시간이 크게 늘어나는 것입니다.

이런 상황에서 우리는 어떻게 대처해야 할까요? 우선, 가능하다면 유연근무제를 활용하거나 재택근무를 요청하는 것이 좋습니다. 또한, 출퇴근 시간을 조정하여 평소보다 일찍 또는 늦게 이동을 시작하는 것도 혼잡을 피하는 한 방법입니다. 카풀을 이용하는 것도 좋은 대안이 될 수 있습니다.

지금 같은 상황에서는 무엇보다 정보가 힘입니다. 파업 상황과 대체 교통수단에 대한 최신 정보를 지속적으로 확인하며 유연하게 대처하는 자세가 필요합니다. 

오지통이 실시간으로 다양한 지하철 정보를 업데이트 할 예정이니, 자주 방문해 주세요. '지하철 온다'는 단 한 번의 터치로 자신의 위치에서 가장 가까운 지하철 역의 실시간 정보를 제공합니다.

🔽 지하철 온다 소개 보러가기
[지하철 온다 블로그 링크***REMOVED***(https://blog.naver.com/subway__onda/223258646349***REMOVED***

지하철 파업으로 아침마다 출근하기 힘드네요, 오늘도 파이팅하며 좋은 하루 보내세요!",Consistency: 1,Coherence: 4,"Fluency:
5","The text provided appears to be a blog post informing readers about a subway strike in Seoul, offering details on the strike and giving advice on how to cope with the commuting disruptions. The language used is natural and contextually appropriate, mimicking the conversational and informative tone typically used in blogs. The post integrates practical advice, updates, and links for further information, enhancing its utility and engagement for the reader.

Based on the evaluation criteria for Human-likeness:

- The text maintains a consistent and natural flow, much like a human-written blog post.
- The vocabulary and expressions used are appropriate for the context and audience.
- The text includes elements like greetings, empathetic comments, and encouragements (""오늘도 파이팅하며 좋은 하루 보내세요!""***REMOVED***, which contribute to a human-like tone.

Considering these aspects, the text is indistinguishable from what a human might write in terms of style and delivery. Therefore, I would rate this text as **Five stars** for Human-likeness.","Friendliness:
4",4
2,"서울 1~8호선 지하철, 오늘 오전 9시부터 ‘경고 파업’
10일 오후 6시까지 이틀간 파업
수정 2023-11-08 22:20등록 2023-11-08 22:20
서울 시내 지하철 개찰구 모습. 연합뉴스
서울지하철 1~8호선을 운영하는 서울교통공사(공사***REMOVED*** 노동조합이 9일 아침 9시부터 10일 오후 6시까지 이틀 동안 경고 파업에 돌입한다. 회사가 제시한 인력감축·외주화 문제를 두고 노사가 8일 밤까지 벌인 막판 교섭에서도 타협점을 찾지 못한 결과다. 공사는 노조가 파업에 돌입해도 필수 유지업무 인력과 대체 인력 등을 활용해 80% 이상의 운행률을 유지할 방침이다.

공사는 8일 밤 “노사 간 협상이 최종 결렬됐다”며 “양대노총 소속 서울교통공사 노조들로 구성된 연합교섭단은 9일 오전 9시부터 10일 저녁 6시까지 (서울시와 사쪽의 입장 변화를 촉구하는 의미***REMOVED*** 경고 파업에 돌입한다”고 밝혔다. 이날 오후 3시부터 교섭단과 공사는 막판 교섭을 시작했으나 타협점을 찾지 못했다.

핵심 쟁점은 ‘인력 감축’이었다. 공사는 최근 2026년까지 2212명의 인력을 줄이겠다는 계획을 노조에 제시했다. 이는 현재 공사 전체 정원의 약 13.5% 수준이다. 공사는 연 1조원 안팎의 대규모 적자를 내고 있어 인력 감축이 불가피하다는 입장이다. 반면 연합교섭단은 무리한 인력 감축이 시민의 안전 문제와 직결될 수 있다며 감축안 철회를 요구했다.

노사가 맺은 필수 유지업무 실무 협정에 따라 파업 기간 1~4호선 65.7%, 5~8호선 79.8%의 운행률은 유지돼야 한다. 서울교통공사쪽은 “9일부터 경고파업에 돌입하더라도 파업 대비 정상운행 대책본부를 운영해 열차 정상 운행과 시설물 안전 확보 등 대책을 마련해 시민의 불편을 최소화할 계획”이라며 ““(파업 돌입 시***REMOVED*** 필수유지업무 인력과 대체 인력 등을 확보해 오전 7시∼9시 출근길에는 100%, 나머지 시간에는 80% 정도 수준의 운행률로 시민 불편을 최소화할 것”이라고 말했다.",https://www.hani.co.kr/arti/society/rights/1115544.html,"**서울 지하철 파업, 출근길이 달라진다! 대비할 수 있는 최선의 방법은?**

안녕하세요, 여러분의 출퇴근 메신저 지하철 온다의 '오.지.통 [오늘의 지하철 소식통***REMOVED***' 인사 드립니다!

**파업 일시:** 2023년 11월 9일 오전 9시부터 11월 10일 오후 6시까지  
**파업 노선:** 서울 지하철 1호선부터 8호선까지  
**파업 이유:** 노조와 서울교통공사 간의 협상 결렬로 인한 직원 감축 및 아웃소싱 반대  
**문의 사항 링크:** [서울교통공사 고객센터***REMOVED***(https://www.seoulmetro.co.kr/kr/contact.do***REMOVED***

지하철 파업으로 인해 서울 시민들의 아침 출근길이 크게 달라질 전망입니다. 이번 파업은 직원 감축 및 아웃소싱 계획에 반대하는 노조의 결정으로, 서울 지하철 1호선부터 8호선까지 영향을 미치게 되었습니다. 서울교통공사는 파업 기간 동안 최소 80% 이상의 운행률을 유지하겠다고 발표했으며, 출근 시간대에는 100% 운행을 목표로 하고 있습니다.

그러나, 이러한 노력에도 불구하고 여전히 출퇴근 시간에 혼란이 예상되며, 특히 아침 시간대에는 승객들의 불편이 클 것으로 보입니다. 이에 따라, 가능한 대중교통 이용을 피하고 자가용 이용이나 카풀, 또는 원격근무를 고려하는 것이 좋습니다. 또한, 서울교통공사의 웹사이트나 앱을 통해 실시간 운행 정보를 확인하는 것이 중요합니다.

이번 파업은 서울교통공사가 직면한 재정적 어려움을 해결하기 위한 일환으로, 약 2,212명의 직원을 2026년까지 감축할 계획입니다. 노조는 이러한 감축이 승객의 안전과 서비스 품질에 부정적인 영향을 미칠 수 있다고 주장하고 있습니다.

오지통이 실시간으로 다양한 지하철 정보를 업데이트 할 예정이니, 자주 방문해 주세요. '지하철 온다'는 단 한 번의 터치로 자신의 위치에서 가장 가까운 지하철 역의 실시간 정보를 제공합니다.

🔽 지하철 온다 소개 보러가기  
[지하철 온다 블로그***REMOVED***(https://blog.naver.com/subway__onda/223258646349***REMOVED***",- Consistency: 5,Coherence: 4,Fluency: 5,"The text provided is a blog entry about an upcoming subway strike in Seoul, and it is structured to inform readers about the strike details and suggest ways to cope with the commuting changes. Analyzing the human-likeness of this text involves assessing its natural flow, vocabulary use, and contextual accuracy.

1. **Natural Flow**: The text flows smoothly, presenting information in a logical sequence—from the announcement of the strike, its reasons, and its expected impact on commuters to recommendations on alternative commuting options. The use of headings and bullet points enhances readability and organization, similar to typical human-written blog entries.

2. **Vocabulary Use**: The vocabulary is appropriate for the context, using specific terms relevant to public transportation issues, such as ""노조"" (union***REMOVED***, ""협상 결렬"" (negotiation breakdown***REMOVED***, and ""운행률"" (operation rate***REMOVED***. This specialized vocabulary usage aligns well with what would be expected from a human expert or journalist covering this topic.

3. **Contextual Accuracy**: The details provided about the strike are contextually accurate and relevant, offering specific dates, affected subway lines, and reasons for the strike. The text also correctly links to the Seoul Metro customer center for further inquiries, showing an understanding of user needs for additional information.

Considering these aspects, the text is indistinguishable from something a human familiar with the subject matter might write. It offers a comprehensive, well-structured, and informative view on the subway strike, effectively balancing factual reporting with practical advice for affected commuters. Therefore, the human-likeness rating for this piece is:

**Five stars: The text is completely human-like, indistinguishable from something a human might write.**","Friendliness:
4",4
3,"전장연 “4호선서 평일 1년 내내 시위” 오세훈 “무관용 강력 대응”
중앙일보
입력 2023-01-04 00:02:00


전국장애인차별철폐연대(전장연***REMOVED*** 회원들이 3일 오전 서울 지하철 동대문역사문화공원역에서 전동차에 다시 탑승하려다가 제지하는 경찰과 대치하고 있다. 전장연은 당초 이날 삼각지역에서 탑승 시위를 벌이겠다고 예고했지만, 시간과 장소를 바꿔 성신여대역에서 기습적으로 지하철 탑승 선전전을 시작했다. 전장연은 장애인 권리 예산이 충분하지 않다며 지난 2일 탑승시위를 재개했다. [뉴스1***REMOVED***

전국장애인차별철폐연대(전장연***REMOVED***가 이동권 예산 확보를 요구하며 3일 서울지하철 4호선에서 이틀째 시위를 벌였다.

서울교통공사와 경찰이 이들의 승차 시위를 저지하고 나서면서 6시간가량 대치와 충돌이 거듭됐다. 전장연은 올해 주말과 공휴일을 제외하고 260일 내내 출근길 선전전에 나서겠다는 입장이다.

시위는 이날 오전 8시쯤 성신여대입구역에서 시작됐다. 이후 전장연 회원 20여 명이 전동차를 타고 동대문역사문화공원역과 삼각지역으로 각각 이동해 시위를 이어갔다. 현장에선 전동차에 타려는 전동휠체어와 이를 가로막는 경찰이 충돌하고, 승강장 곳곳에서 “장애인도 시민이다. 이동권을 보장하라”는 구호와 비명이 동시에 터져 나왔다. 공사 측은 역내 방송 등을 통해 “즉시 시위를 중단하고 역사 밖으로 퇴거하라”고 경고 방송을 했다.

부상자도 발생했다. 오전 9시쯤 구기정 삼각지역장이 역내에서 전동휠체어와 부딪히며 쓰러져 병원으로 옮겨졌다. 구 역장은 중앙일보에 “힘이 강한 전동휠체어가 돌진해 왔다”며 “함께 현장에 있었던 지하철 보안관 한 명도 휠체어에 깔려 진료를 받았다”고 전했다. 오전 11시20분쯤엔 동대문역사문화공원역에서 비장애인 회원이 경찰과 충돌하는 과정에서 손가락을 다쳤다. 전날에도 양측의 충돌로 경찰 3명, 전장연 회원 2명이 부상했다.

시위를 지켜본 시민 서안석(73***REMOVED***씨는 “나가려고 하는데 너무 복잡하다. 이런 상황인 줄 알았다면 오지 않았을 것”이라며 불편을 호소했다. 최선미(30***REMOVED***씨는 “평소에 전장연 시위를 반대하진 않았지만 적어도 어디서 하는지는 공지가 됐으면 좋겠다”고 말했다.

전장연 측은 대통령에게 호소하려면 용산 삼각지역을 지나는 4호선을 택할 수밖에 없었다며 “시민들에게 무거운 마음으로 죄송함을 표한다”고 밝혔다. 박경석 전장연 상임공동대표는 “장애인에게 예산을 다 챙겨주면 나라가 망한다고 했던 기획재정부가 진정으로 우리를 만나려고 한다면 선전전을 유보하겠다”며 “추후 시위는 (오늘처럼***REMOVED*** 오전 8시에 공지될 것”이라고 말했다.

서울시와 서울교통공사는 강경 대응으로 맞서고 있다. 오세훈 서울시장은 전장연이 시위 재개를 선언한 다음 날인 지난달 26일 “용납할 수 없다”고 경고한 데 이어 새해 첫날에는 “민·형사적 대응을 동원해 무관용으로 강력히 대응할 것”이라며 대응 수위를 더 끌어올렸다. ‘약자와의 동행’을 내세우며 “시위 자제를 부탁한다”는 정도로 완곡하던 모습과는 확 달라졌다는 평가가 나온다. 정치권 일각에선 한동훈 법무부 장관의 존재감 부각과 시위에 점차 피로감을 보이는 보수·중도층 여론, 최근 윤석열 대통령의 화물연대 파업 원칙적 대응에 대한 보수·중도층 지지율 상승 등과 무관치 않을 것이라는 분석이 뒤따른다.

서울교통공사는 3일 공사와 전장연에 대한 법원 강제조정안에 이의신청서를 제출했다. 공사는 “법원은 5분 초과 시위에 대한 금액 지급만 규정했을 뿐 이외 행위에 대해서는 언급하지 않았다”며 “조정안을 수용할 경우 이용객을 불편하게 만드는 시위를 계속 이어갈 우려가 크다”고 이의신청 사유를 밝혔다. 서울중앙지법은 지난달 19일 공사가 전장연을 상대로 낸 손해배상 청구 소송에서 ‘출근길 시위로 열차 운행이 5분 지연될 때마다 전장연이 공사에 500만원을 지급하라’는 조정안을 제시했다.

",https://www.joongang.co.kr/article/25131013#home,"{{서울 4호선, 장애인 이동권을 위한 전장연의 목소리: 파업 현장 속으로***REMOVED******REMOVED***
안녕하세요, 여러분의 출퇴근 메신저 지하철 온다의 '오.지.통 [오늘의 지하철 소식통***REMOVED***' 인사 드립니다!

파업 일시: 2023년부터 진행 중, 주말 및 공휴일 제외
파업 노선: 서울 지하철 4호선
파업 이유: 장애인 이동권을 위한 예산 배정 증액 요구
문의 사항 링크: [서울시 지하철 고객센터***REMOVED***(https://www.seoulmetro.co.kr/kr/customer.do***REMOVED***

전국장애인차별철폐연대(전장연***REMOVED***가 서울 지하철 4호선에서 장애인의 이동권 보장을 위한 예산 증액을 요구하며 파업을 진행 중입니다. 이 시위는 장애인의 기본적인 권리와 사회적 인식의 변화를 요구하는 중요한 목소리로, 매일 수많은 통근자들의 일상에 영향을 미치고 있습니다.

장애인의 이동권은 단순히 교통수단의 접근성을 넘어서는 문제입니다. 이는 모든 시민이 동등하게 사회적, 경제적 활동을 할 수 있는 기회의 문제와 직결되어 있습니다. 전장연은 이번 파업을 통해 장애인에게 필요한 적절한 예산이 배정될 때까지 그들의 목소리를 높이고 있습니다.

서울시와 서울교통공사는 이러한 파업으로 인한 교통 혼란을 최소화하기 위해 노력하고 있으나, 양측의 입장 차이는 여전히 큽니다. 법적 대응과 함께 사회적 대화의 필요성이 커지고 있는 상황이며, 이는 장애인뿐만 아니라 사회 전체의 인식 개선으로 이어져야 할 과제입니다.

특히 출근길에 지하철 파업으로 인해 불편을 겪고 계신 분들께서는 이해의 폭을 넓혀 주시길 바랍니다. 장애인의 이동권 보장은 단순한 편의 문제가 아닌, 기본적인 인권의 문제입니다.

오지통이 실시간으로 다양한 지하철 정보를 업데이트 할 예정이니, 자주 방문해 주세요.
'지하철 온다'는 단 한 번의 터치로 자신의 위치에서 가장 가까운 지하철 역의 실시간 정보를 제공합니다.

🔽 지하철 온다 소개 보러가기
https://blog.naver.com/subway__onda/223258646349",- Consistency: 1,- Coherence: 4,"Fluency:
5","The text provided is generally human-like, showing a structured approach with clear communication objectives. It deals with a specific issue—disability rights and subway strikes in Seoul—and effectively uses linked references, a common trait in human-generated digital content. The tone is informative and empathetic, especially in addressing the inconvenience caused by the subway strikes and urging understanding from the public. 

The text does maintain a balanced and professional tone, typical for informational blog posts, and includes a call to action, inviting readers to visit the blog for updates and to use the subway services. However, the engaging elements like direct addresses to the readers (""오지통이 실시간으로 다양한 지하철 정보를 업데이트 할 예정이니, 자주 방문해 주세요""***REMOVED*** and promotional mentions of the blog's services feel slightly formulaic, which may give a hint of mechanical writing but is not overly detracting.

Therefore, based on the evaluation criteria, I would rate the Human-likeness of this text as:
- Four stars: The text is mostly human-like, with very few mechanical traits and generally natural language use.","Friendliness:
4",4
4,"
    ""또 퇴근길 대란 일어나나""…22일 서울지하철 2차 총파업 예고
인력감축 놓고 노사 합의점 못찾아

2023-11-14 17:57:36사회일반
'또 퇴근길 대란 일어나나'…22일 서울지하철 2차 총파업 예고
서울교통공사 노조 파업 이틀째인 10일 오전 서울 지하철 광화문역에서 시민들이 열차에서 내리고 있다. 연합뉴


서울지하철 1∼8호선을 운영하는 서울교통공사 노동조합이 22일 2차 총파업을 예고했다.


민주노총 공공운수노조 산하 서울교통공사노조는 15일 오전 10시 서울시청 앞에서 “안전업무 외주화 저지, 현장 안전인력 공백 대책 수립”을 요구하는 기자회견을 열고 2차 파업 계획을 공개할 예정이라고 14일 밝혔다. 파업 예정일은 22일로 알려졌다.


노조는 사측의 대규모 인력감축안 등에 반발해 지난 9~10일 이틀간 시한부 경고 파업을 벌였다. 이후 노사 실무자 간 대화를 이어가고는 있으나 아직 합의점을 찾지는 못했다.


노조는 ""1차 경고 파업 이후 지속적으로 서울시와 공사 측에 입장 변화와 진지한 대화를 촉구했지만, 서울시와 공사는 갑자기 강력 대응 기조로 돌변했다""며 ""현장 안전인력 공백 우려에 대한 어떤 대책도 제시하지 않고 있다""고 밝혔다. 노조는 기자회견에서 자세한 파업 계획과 향후 일정을 밝힐 예정이다.",https://www.sedaily.com/NewsView/29X8F079IZ,"{{서울 지하철 파업 대란: 무엇을 알아야 하나요?***REMOVED******REMOVED***
안녕하세요, 여러분의 출퇴근 메신저 지하철 온다의 '오.지.통 [오늘의 지하철 소식통***REMOVED***' 인사 드립니다!

파업 일시: 2023년 11월 22일
파업 노선: 서울 지하철 1~8호선
파업 이유: 인력 감축 및 안전 업무 외주화에 대한 우려
문의 사항 링크: https://seoulmetro.co.kr/portal.jsp

지하철 이용이 일상의 큰 부분을 차지하는 우리에게 파업 소식은 무척이나 중요한 이슈입니다. 특히, 서울 지하철 1호선부터 8호선까지 영향을 미칠 이번 파업은 많은 시민들의 일상에 큰 불편을 초래할 것으로 예상됩니다. 이에 따라, 파업의 원인 및 대처 방안에 대해 자세히 알아보겠습니다.

### 파업의 주된 이유
서울 지하철 노동조합은 이번 파업의 주된 이유로 인력 감축과 안전 업무의 외주화를 들고 있습니다. 특히, 현장 근무 인력의 감소는 승객의 안전을 직접적으로 위협할 수 있으며, 이에 대한 우려가 파업으로 이어진 것입니다. 노조는 안전 업무에 있어서 외주화가 가져올 부정적인 영향을 강하게 지적하며, 적절한 대책을 요구하고 있습니다.

### 파업이 미치는 영향
이번 파업은 서울 내 대중교통의 큰 축을 담당하는 지하철의 일부 노선이 운행되지 않거나, 운행 횟수가 크게 줄어들 예정이므로, 출근길 뿐만 아니라 일상생활에도 큰 지장을 줄 것으로 보입니다. 따라서, 파업 기간 동안에는 대체 교통수단을 미리 확인하고 준비하는 것이 중요합니다.

### 대처 방안
1. **대중교통 앱 확인**: 실시간 교통 상황을 확인할 수 있는 앱을 활용하여 지하철 운행 정보를 수시로 체크하세요.
2. **출근 시간 조정**: 가능하다면 유연한 근무 시간을 활용하여 출퇴근 시간을 조정해 보세요.
3. **자전거 이용 고려**: 단거리는 자전거를 이용하는 것도 좋은 대안이 될 수 있습니다.

지하철 파업으로 아침마다 출근하기 힘드네요, 모두가 조금 더 편안한 출근길이 되길 바라며 이번 파업이 잘 해결되길 기대합니다.

오지통이 실시간으로 다양한 지하철 정보를 업데이트 할 예정이니, 자주 방문해 주세요. 
'지하철 온다'는 단 한 번의 터치로 자신의 위치에서 가장 가까운 지하철 역의 실시간 정보를 제공합니다.

🔽 지하철 온다 소개 보러가기
https://blog.naver.com/subway__onda/223258646349","Consistency:
           5",- Coherence: 4,Fluency: 5,"The text provided does an excellent job of mimicking natural human writing. It presents information in a structured and engaging manner, typical of blog posts addressing updates and advice related to public transport issues. The tone is conversational yet informative, which aligns well with the intended audience of commuters. The use of clear headings and bullet points for detailing coping strategies enhances readability and provides practical advice effectively.

The integration of a personal touch (""지하철 파업으로 아침마다 출근하기 힘드네요, 모두가 조금 더 편안한 출근길이 되길 바라며 이번 파업이 잘 해결되길 기대합니다.""***REMOVED*** increases the relatability of the text, making it seem even more human-like. Additionally, the language used is appropriate, and the text includes relevant links, further emulating typical human-authored content.

Overall, the text is entirely human-like, devoid of noticeable mechanical traits, and maintains a natural flow throughout. Therefore, I would rate the Human-likeness of this text as **Five stars**.","Friendliness:
4",4
